SnyMPFLLgH4_000012_000022.mp4,0
bHZleWc-IF4_000097_000107.mp4,0
kR72vW_PeUQ_000000_000010.mp4,0
nTJDML-lQn0_000027_000037.mp4,0
b38PVjoyDGI_000009_000019.mp4,0
h_2JMogyIzo_000049_000059.mp4,0
FA80ssSphq4_000040_000050.mp4,0
TCKh1Qs-VHw_000074_000084.mp4,0
Kbui-Vr3iHI_000009_000019.mp4,0
C6pjRQWzwdI_000014_000024.mp4,0
vzlRGuudewU_000002_000012.mp4,0
UDdMt2s_sCY_000000_000010.mp4,0
XBGdRlEvmpI_000018_000028.mp4,0
uIRj5Ogy4jA_000015_000025.mp4,0
BszcIF2aX4Y_000066_000076.mp4,0
TwfM4iMVjIU_000053_000063.mp4,0
uLBYfUSNpJA_000000_000010.mp4,0
Yq0TE5ynHGc_000029_000039.mp4,0
UOrETnaQrwU_000014_000024.mp4,0
7_9nrmc-i5w_000000_000010.mp4,0
nzg1E0WmvBI_000003_000013.mp4,0
Cryo7gWodKI_000021_000031.mp4,0
aGO1jGrMDno_000174_000184.mp4,0
scpdF3rCPC4_000005_000015.mp4,0
6S19SeV4yy4_000000_000010.mp4,0
BpkZFk2_NtU_000000_000010.mp4,0
iuyHLMm9Ktk_000041_000051.mp4,0
KqH5bihfSbo_000000_000010.mp4,0
kPb0yTYFgm0_000000_000010.mp4,0
eaHHmuZAPXI_000008_000018.mp4,0
5qUC0R9MrAg_000009_000019.mp4,0
L-okz4Tp-PQ_000009_000019.mp4,0
Wl0uHiN79Vk_000000_000010.mp4,0
TBBPw6K7I_4_000002_000012.mp4,0
kIOi0_YePiE_000001_000011.mp4,0
JBtpvJgu914_000072_000082.mp4,0
ebMnHcQsoLE_000008_000018.mp4,0
IXCWXnJQX50_000016_000026.mp4,0
TiTQWHjXdYc_000000_000010.mp4,0
6n212E9RP9o_000000_000010.mp4,0
Y0FKvUJ5Ius_000034_000044.mp4,0
3Tdz5YhEwz4_000043_000053.mp4,0
3DFG-fsh-iE_000001_000011.mp4,0
QalU1LMmGaU_000000_000010.mp4,0
5sSLVaRHpio_000007_000017.mp4,0
PUf-NATK23U_000000_000010.mp4,0
ojWBgDjLBxA_000011_000021.mp4,0
whbAL42c6us_000000_000010.mp4,0
l4hGxPvn788_000000_000010.mp4,0
Fiqbwks7EEY_000090_000100.mp4,0
PW7iTyIb828_000030_000040.mp4,0
4iuRBeRrpgk_000000_000010.mp4,0
EhGKqwGKHxI_000010_000020.mp4,0
BZfw-AXUEm4_000018_000028.mp4,0
oTfm5Kb4v7o_000038_000048.mp4,0
M9H-tv8GL8k_000000_000010.mp4,0
8SGs8Abw38o_000031_000041.mp4,0
N-CiZwHPUO8_000011_000021.mp4,0
gx6UItYpMJ4_000000_000010.mp4,0
8KYzA_N1FdQ_000007_000017.mp4,0
tljPmFAX8tc_000000_000010.mp4,0
nwa-PPAMllY_000012_000022.mp4,0
5mv9ZzEclI8_000004_000014.mp4,0
ewoznrRtuyc_000013_000023.mp4,0
z78KAjkWJrA_000000_000010.mp4,0
7FClXX5Exx0_000000_000010.mp4,0
r-MkpCNd8OU_000000_000010.mp4,0
nGZU2XCIRoc_000002_000012.mp4,0
zpv6qYsgYiI_000049_000059.mp4,0
rgYUvGwhUwE_000013_000023.mp4,0
EPcMCQEdic8_000005_000015.mp4,0
yJh3PetAZ0A_000000_000010.mp4,0
_dJBS75G990_000013_000023.mp4,0
ZBhkW1Js8hE_000038_000048.mp4,0
SNQbyQ8ZGLc_000000_000010.mp4,0
44azHYCLyFI_000022_000032.mp4,0
bf_5DhGiiDk_000000_000010.mp4,0
J7tIaR-hHzs_000001_000011.mp4,0
ywzSTuq8uho_000029_000039.mp4,0
tGvls1vtBGE_000019_000029.mp4,0
gw8dwOmq3_I_000000_000010.mp4,0
UdkxYcw1458_000038_000048.mp4,0
ESM19ZqoSFE_000000_000010.mp4,0
sQVbxGdolZI_000045_000055.mp4,0
U0bbiDfkLaU_000261_000271.mp4,0
Pc1-VcKdjKw_000018_000028.mp4,0
u7_ffXIjsyo_000000_000010.mp4,0
9ujbskSo-Ro_000059_000069.mp4,0
FRzzioSosB4_000000_000010.mp4,0
dwkR9OTlQeM_000009_000019.mp4,0
MNAKrBY-JcM_000000_000010.mp4,0
5EWv8GJTMe0_000110_000120.mp4,0
15zWnVquSNI_000011_000021.mp4,0
CRx7wujbMf0_000000_000010.mp4,0
dwhxuR5USKE_000003_000013.mp4,0
plqjXB2FVXA_000002_000012.mp4,0
qhVv0xgcioo_000016_000026.mp4,0
anOdk8w0IK8_000009_000019.mp4,0
yBFCAxVzBL4_000010_000020.mp4,0
ddguc25x-yM_000000_000010.mp4,0
gG3Vfy36KUU_000005_000015.mp4,0
ehNHMhnGOyI_000032_000042.mp4,0
ah9SfvKm0dk_000000_000010.mp4,0
pHTBw0nEuMI_000031_000041.mp4,0
VkUP7Hl1GlU_000020_000030.mp4,0
77PogHUBlP0_000000_000010.mp4,0
iQe79-6M9eU_000079_000089.mp4,0
ECoOKtFgcXc_000007_000017.mp4,0
Ddn4hVEMj44_000007_000017.mp4,0
PDrvrmlF1OQ_000000_000010.mp4,0
Dx_TEokgFtI_000014_000024.mp4,0
Wd9UgThNb7E_000183_000193.mp4,0
73GybJskcAc_000008_000018.mp4,0
OvhoYHRrMoc_000016_000026.mp4,0
d8pGkPi4XZ0_000534_000544.mp4,0
lLLK56Xu0ds_000000_000010.mp4,0
D9AdNN8wZeQ_000024_000034.mp4,0
uUDFV94X72Q_000004_000014.mp4,0
gKeK7EtNHJQ_000150_000160.mp4,0
bDVp94PBNYc_000040_000050.mp4,0
WNxZEV2GLzg_000010_000020.mp4,0
2XHJtEZe6eo_000043_000053.mp4,0
M4kIEp_lYVc_000001_000011.mp4,0
wIX00a_HJEs_000001_000011.mp4,0
4f6iMfvYe0A_000000_000010.mp4,0
dYDxag2rycI_000012_000022.mp4,0
NCuD3mOreew_000020_000030.mp4,0
hs0TOdsAH9U_000008_000018.mp4,0
xmuX7SvNQY4_000019_000029.mp4,0
KjTmf3Gl4yc_000000_000010.mp4,0
fh4mIfZbi9k_000001_000011.mp4,0
QbIiMbp_CSQ_000017_000027.mp4,0
BM7bnJsE6-o_000004_000014.mp4,0
52sGfmtMYIk_000000_000010.mp4,0
n67o0Egtr1E_000005_000015.mp4,0
uD5bhPZ2VfM_000045_000055.mp4,0
vzDhXOQluvs_000000_000010.mp4,0
ElVGljz9ETo_000000_000010.mp4,0
JGA1aOgk1CQ_000000_000010.mp4,0
n206Q51UVIg_000000_000010.mp4,0
ti2bqMYt0Bw_000032_000042.mp4,0
siOHdnHFw8g_000023_000033.mp4,0
tApL0oI_9lQ_000088_000098.mp4,0
z_2yCRc7rNM_000008_000018.mp4,0
kjxBn3dNsCI_000012_000022.mp4,0
3jc53L3zUgM_000000_000010.mp4,0
a2egQytS3VE_000006_000016.mp4,0
UOIRWYdyToY_000011_000021.mp4,0
3tAnLCj5bfs_000000_000010.mp4,0
9Y4fn0Sv1v4_000003_000013.mp4,0
ZBgZ_bdcnP0_000029_000039.mp4,0
7iGMZY1d2U4_000013_000023.mp4,0
CYmYBwdYufM_000008_000018.mp4,0
8TO6xK0GwSA_000034_000044.mp4,0
utJOtwWKASc_000126_000136.mp4,0
pVmYMY-0xrk_000005_000015.mp4,0
NGjPiLHRWdc_000011_000021.mp4,0
cuKbRJzOJ5Q_000000_000010.mp4,0
G10VHeVSfnw_000011_000021.mp4,0
q1YZLtVUvPA_000006_000016.mp4,1
rpmd4EZ8gt0_000017_000027.mp4,1
BfwBH8E8taQ_000007_000017.mp4,1
G95g-o2tJqM_000026_000036.mp4,1
KP2zcCK8V_U_000025_000035.mp4,1
m4YhG6wBoNw_000019_000029.mp4,1
Y0L6iuUwoUM_000008_000018.mp4,1
MHZjUabybRY_000023_000033.mp4,1
3WvuCEm4BCU_000023_000033.mp4,1
jMFMB1-DWoY_000052_000062.mp4,1
0PBQHnOcxp4_000008_000018.mp4,1
QPyFt2hgzbA_000015_000025.mp4,1
Uj3iYqQnhWc_000000_000010.mp4,1
O7j3Vk3l0-c_000066_000076.mp4,1
Y3F61zfIa18_000110_000120.mp4,1
ooRwHG0k1FU_000002_000012.mp4,1
2toDG442rdY_000037_000047.mp4,1
YcrXCvAQPmE_000000_000010.mp4,1
UEGKhjaP-Zo_000048_000058.mp4,1
mAOFeSiOmiM_000000_000010.mp4,1
ASpJCx-dkJM_000005_000015.mp4,1
81OA4LdlGig_000028_000038.mp4,1
UsCQDGBAyFg_000010_000020.mp4,1
_-NelATcTiA_000002_000012.mp4,1
buMjgrhytKc_000016_000026.mp4,1
LpVW0Y1y3HM_000128_000138.mp4,1
V5eBveKC_lU_000091_000101.mp4,1
sb6aJxt5DS0_000010_000020.mp4,1
9Y_sJGINrZA_000000_000010.mp4,1
wFq_5kRChQE_000071_000081.mp4,1
IuLnRR4yDj4_000061_000071.mp4,1
fSq0cB4lOsw_000000_000010.mp4,1
82c29kxv7tM_000079_000089.mp4,1
4p0PC5Rsls4_000008_000018.mp4,1
wW2OCbWoAaQ_000008_000018.mp4,1
xwzOewKeqGw_000139_000149.mp4,1
TAyQrjN6xmw_000051_000061.mp4,1
7F1MMvS-oNI_000000_000010.mp4,1
NQz3i1rzbZw_000021_000031.mp4,1
QlYjP9kXhkg_000000_000010.mp4,1
z0jwCLqb1bE_000000_000010.mp4,1
-1Vnu1KWOfE_000001_000011.mp4,1
amrH0iVjr-I_000044_000054.mp4,1
EYyg8DBzaiQ_000032_000042.mp4,1
Qsp3uvco3ZM_000016_000026.mp4,1
VXPraQzWWoI_000095_000105.mp4,1
258PehdZQNA_000018_000028.mp4,1
SRK1kd_OT3s_000042_000052.mp4,1
wUKoaYscSS4_000003_000013.mp4,1
nkSO1RkXZAQ_000005_000015.mp4,1
gJ-iJFRqRbY_000045_000055.mp4,1
selgcl5YrKc_000101_000111.mp4,1
MHbFitDI8II_000000_000010.mp4,1
1rokKLtdat4_000009_000019.mp4,1
oo7kh03LXbo_000014_000024.mp4,1
i_KgfC7fkgg_000006_000016.mp4,1
9p8MpupJ8vU_000001_000011.mp4,1
PcAbDws_ezk_000006_000016.mp4,1
bofGJdSw_Ik_000008_000018.mp4,1
4iZszxN7qEQ_000015_000025.mp4,1
yDQV_FdjlBc_000019_000029.mp4,1
zcyuflEU_Dw_000008_000018.mp4,1
p1h5MxLVrhA_000000_000010.mp4,1
RLz9kw8cOvo_000004_000014.mp4,1
WzLgJnbk4gs_000000_000010.mp4,1
z43yzQ2vX5Y_000012_000022.mp4,1
s8meGObNhFk_000001_000011.mp4,1
98eW-vM1VNw_000002_000012.mp4,1
L2TnQqiT6BE_000009_000019.mp4,1
eYoljMO9eJg_000000_000010.mp4,1
y7kshoh-2DY_000000_000010.mp4,1
AC_ewUKw9UI_000033_000043.mp4,1
G4j2Fdo_iWA_000045_000055.mp4,1
HMnhnS8_P-Y_000001_000011.mp4,1
mM6X_DCQqB0_000129_000139.mp4,1
LqQpQ0SwqKI_000036_000046.mp4,1
zB61BK6_UNA_000010_000020.mp4,1
RIGGj-LE680_000040_000050.mp4,1
spsW8-kjMsI_000033_000043.mp4,1
tCVhvBwAr_s_000005_000015.mp4,1
2T_ZlSOreDQ_000049_000059.mp4,1
LNGoEa-Q5VE_000014_000024.mp4,1
4VivWl6_s9A_000027_000037.mp4,1
7Eu6j2qM0sI_000067_000077.mp4,1
wvUWU6vucXQ_000000_000010.mp4,1
UDtSfGBeQpo_000001_000011.mp4,1
dCEMe-4P3hE_000017_000027.mp4,1
PcWTjqZF170_000006_000016.mp4,1
KtJ9dfVi-0c_000022_000032.mp4,1
WMEBwPxld14_000009_000019.mp4,1
P6EEsqEK0rc_000013_000023.mp4,1
xkBwi-3Etfc_000090_000100.mp4,1
ulJ8eWWOfTo_000005_000015.mp4,1
92O_lS1miW4_000000_000010.mp4,1
WgUvOpP0Kaw_000000_000010.mp4,1
W28p0JbLgSM_000084_000094.mp4,1
YRdjqosZoEo_000016_000026.mp4,1
bSBDv6C_E50_000005_000015.mp4,1
amyxfhSXTuw_000000_000010.mp4,1
6w2lzMx99YE_000014_000024.mp4,1
e-j2WjGfmkM_000035_000045.mp4,1
5c3-V4h2Ois_000060_000070.mp4,1
iJAyO8F3TPk_000013_000023.mp4,1
SXIiW0JFuBs_000007_000017.mp4,1
2hfZEYY_XxE_000049_000059.mp4,1
pocOo-Hs0SY_000059_000069.mp4,1
VWRdG9FbyKI_000030_000040.mp4,1
UBfHws9UUFw_000016_000026.mp4,1
Am23hq-avKw_000000_000010.mp4,1
lq-UIo37lZ8_000028_000038.mp4,1
4gjYTWbLUqc_000099_000109.mp4,1
RfiiXEXS_Cw_000051_000061.mp4,1
qHbKbwSWiPA_000012_000022.mp4,1
pnY_Wdor23U_000005_000015.mp4,1
VxbFCVKvvUY_000000_000010.mp4,1
ThIRWaKhl2s_000002_000012.mp4,1
aD6regvXkDU_000046_000056.mp4,1
8aaSZaZFlS4_000000_000010.mp4,1
Hp1nPzXAezw_000011_000021.mp4,1
c5p4vK_Czbk_000011_000021.mp4,1
jlsV6AnJ0bw_000058_000068.mp4,1
id5Dp3JdqmI_000019_000029.mp4,1
tLrsMibScDk_000006_000016.mp4,1
EbMAsVBFS2M_000066_000076.mp4,1
FJGyuLmr7nE_000115_000125.mp4,1
j8nxJkaze80_000000_000010.mp4,1
L09j-p0BD9c_000005_000015.mp4,1
lE-rkvuClZg_000008_000018.mp4,1
IlCP1PJCy-k_000000_000010.mp4,1
N0ZjYm6zG1I_000048_000058.mp4,1
XhoxAGmQNOE_000033_000043.mp4,1
DUM4-p3XdZc_000040_000050.mp4,1
M5U5rOjBPNE_000005_000015.mp4,1
khchw8YyJOo_000046_000056.mp4,1
U8vOXjH2lHY_000000_000010.mp4,1
RTGZlqjXf-U_000000_000010.mp4,1
kRu4Fiop3CU_000029_000039.mp4,1
WdeBOAGYVyQ_000005_000015.mp4,1
0iwUNJcdEhg_000000_000010.mp4,1
N4_385JDJjU_000000_000010.mp4,1
JPsX5j0TVYQ_000000_000010.mp4,1
0-ydNHsqHBQ_000068_000078.mp4,1
h7jh62F0diA_000007_000017.mp4,1
HldiF904maU_000046_000056.mp4,1
OIBPZHE2SH0_000017_000027.mp4,1
kmnFr2O3NqM_000018_000028.mp4,1
zVFuAkjaspY_000052_000062.mp4,1
4MNJtlPJYMk_000071_000081.mp4,1
YbrmtYkoIw8_000005_000015.mp4,1
WLD1GxATOPU_000073_000083.mp4,1
HwD-kirxkNI_000001_000011.mp4,1
x8FnDi9Meag_000025_000035.mp4,1
37naVrP1rAw_000049_000059.mp4,1
NghkCaewH1E_000002_000012.mp4,1
i9GGdT8_7o4_000000_000010.mp4,1
1937koUzESQ_000002_000012.mp4,1
k5vEUxNcGXA_000067_000077.mp4,1
H3Drz5pieD0_000020_000030.mp4,1
NGjfq_aPGzw_000000_000010.mp4,2
xj_yaxJxt1I_000010_000020.mp4,2
eRt_0KqGvx8_000029_000039.mp4,2
h0rb6o3mH6g_000000_000010.mp4,2
rGchlYP3X2M_000000_000010.mp4,2
zlgGkX0uaYo_000088_000098.mp4,2
GfdLbhHnLSg_000234_000244.mp4,2
iuByXy9HdkQ_000577_000587.mp4,2
D2JXS_hBjgU_000074_000084.mp4,2
jeMBxEhSWdA_000001_000011.mp4,2
nizDn03uHZ4_000070_000080.mp4,2
_O7MPjmSsis_000029_000039.mp4,2
knkvDRMZewc_000000_000010.mp4,2
tZ0tmXyCnl0_000195_000205.mp4,2
Qrg3cnNvB5U_000073_000083.mp4,2
qhN3g_ZFYBo_000034_000044.mp4,2
PMDYP7yb2x8_000032_000042.mp4,2
Wd1vbq2VMNU_000014_000024.mp4,2
R5Oc6-1-8FQ_000047_000057.mp4,2
sDY03BUjLVs_000000_000010.mp4,2
nqCYJx7_iD8_000167_000177.mp4,2
Hg7LOGBa30w_000222_000232.mp4,2
1-fccTBU0FM_000011_000021.mp4,2
Fad6l-yQVXw_000007_000017.mp4,2
s8vaoAWQG2A_000093_000103.mp4,2
C7yLMrPF3_s_000080_000090.mp4,2
vDunu6ekDdI_000019_000029.mp4,2
MKm7_O8waWo_000000_000010.mp4,2
OE03qE-66NY_000115_000125.mp4,2
I2zVQ25KjgY_000000_000010.mp4,2
EwyVL4gUe-s_000000_000010.mp4,2
PTpAEtwUE_U_000057_000067.mp4,2
lF5Tk-nqWuk_000001_000011.mp4,2
3skCSlqwxSI_000000_000010.mp4,2
k5uxzYQXqH8_000010_000020.mp4,2
7Z1OmovSTbY_000013_000023.mp4,2
S70iZYTawNk_000075_000085.mp4,2
KlbGM05U510_000000_000010.mp4,2
WgoOYWi8eE0_000002_000012.mp4,2
n8I3hPI0ja0_000004_000014.mp4,2
VgIpV72LsaM_000095_000105.mp4,2
gxACr8QNTyM_000007_000017.mp4,2
qD_LCbdWnfY_000000_000010.mp4,2
N0aaRt91NsY_000000_000010.mp4,2
d0ORWNxTQD8_000033_000043.mp4,2
JkSMv0LMCcM_000000_000010.mp4,2
H8SKM36ge1Y_000048_000058.mp4,2
T6nKgtrZ1WY_000012_000022.mp4,2
GipTfdiAfNU_000096_000106.mp4,2
5PRg-9kaPQA_000197_000207.mp4,2
zU7-GMyCYoQ_000012_000022.mp4,2
NeU9evcCaV8_000001_000011.mp4,2
1aqc2gEHCec_000094_000104.mp4,2
p97NQnJVNpE_000000_000010.mp4,2
_XMrGDkImTk_000028_000038.mp4,2
pXtxppPEce0_000028_000038.mp4,2
DV7js-l9Nb0_000028_000038.mp4,2
bQltJuY0E8g_000027_000037.mp4,2
A10SQOB2tJw_000018_000028.mp4,2
lBP36qKVb2w_000001_000011.mp4,2
z1c2p37LQQo_000042_000052.mp4,2
mWo5qdna8dA_000014_000024.mp4,2
jLtvzDk6MtM_000077_000087.mp4,2
Yy896FK9LmQ_000012_000022.mp4,2
_wdMLITAPbw_000003_000013.mp4,2
RMm5srfwvCg_000002_000012.mp4,2
4MzCCh_QZQ0_000019_000029.mp4,2
lvtG3eFarAc_000001_000011.mp4,2
iYCgrUd3Suo_000023_000033.mp4,2
4G7zz-ETxvE_000003_000013.mp4,2
AbM6cLsflaE_000104_000114.mp4,2
HMqXbs4WZEU_000538_000548.mp4,2
fp_8Nk-qTvU_000028_000038.mp4,2
yKUtQ3qt0M8_000001_000011.mp4,2
h9QzTi8psFE_000205_000215.mp4,2
MNN96XYmYpw_000051_000061.mp4,2
3FN5FSvkUTU_000006_000016.mp4,2
pi09GrC4j5A_000011_000021.mp4,2
clwe0PpDIUA_000000_000010.mp4,2
BUXTFk-ZQKw_000316_000326.mp4,2
3X9Khk6wfXE_000122_000132.mp4,2
f-neEEykolI_000046_000056.mp4,2
oLnl9oEvlok_000028_000038.mp4,2
6mQ2XAB9d8k_000000_000010.mp4,2
_gh3x2v7l1I_000020_000030.mp4,2
akZ0QJiGXvo_000007_000017.mp4,2
DzQGUZvn-co_000037_000047.mp4,2
aD0vNggAcCw_000016_000026.mp4,2
LPwi8qUD984_000016_000026.mp4,2
9iq_EDDbheY_000028_000038.mp4,2
MymHYxAj6K8_000036_000046.mp4,2
OnweAdcu5k8_000001_000011.mp4,2
D9EFSNr7Z2I_000033_000043.mp4,2
QzI4iJ99VyI_000021_000031.mp4,2
UqXaXm1uVUo_000026_000036.mp4,2
K0NoLixnFJE_000118_000128.mp4,2
gfYzfsknkfg_000004_000014.mp4,2
YF-IiB-B9o0_000089_000099.mp4,2
GHDg3oF07Kk_000062_000072.mp4,2
Neq95kX2UoA_000009_000019.mp4,2
yD7r6NV7-ZY_000009_000019.mp4,2
AA-ZLdnX1mA_000060_000070.mp4,2
iI-qxohSJAQ_000002_000012.mp4,2
7uW-ngRDlHg_000066_000076.mp4,2
zDd1_TmTyEI_000074_000084.mp4,2
bFsNTfLZm9c_000295_000305.mp4,2
bOWg1ptaaAQ_000001_000011.mp4,2
ZPvl5-Qq2CU_000090_000100.mp4,2
_FCM42lMTuE_000005_000015.mp4,2
3VeXyr3ouz4_000010_000020.mp4,2
Utltm8K_MRA_000001_000011.mp4,2
4NLV44DHm3E_000008_000018.mp4,2
c1vPWfLAvIc_000011_000021.mp4,2
_2hVN6w8blc_000122_000132.mp4,2
cFZBWyE4LA0_000036_000046.mp4,2
Pn1jm5YvpH4_000041_000051.mp4,2
NIjf_JN9a4s_000094_000104.mp4,2
8uZI8Mqc7cs_000058_000068.mp4,2
tEytGGNJ3b8_000008_000018.mp4,2
Uo1g5j648Dk_000090_000100.mp4,2
E0tonmjhmFI_000030_000040.mp4,2
z6N0J9QoKKo_000355_000365.mp4,2
kcaM7BIyDy8_000079_000089.mp4,2
otSaRwcpq-A_000019_000029.mp4,2
23B017ZVIx4_000023_000033.mp4,2
NpwQLMSyoi0_000147_000157.mp4,2
GsPSEDCY40I_000022_000032.mp4,2
k8K8YGeayVA_000019_000029.mp4,2
i_aa2ndpR7E_000190_000200.mp4,2
H-nvt38j900_000004_000014.mp4,2
spcBWAKkhgw_000080_000090.mp4,2
2D9g6QcSnKc_000002_000012.mp4,2
a2aoQ0qBgt0_000078_000088.mp4,2
NZymfTwv6S0_000009_000019.mp4,2
gowUmpKRYJ4_000029_000039.mp4,2
k4UALEMGK8o_000119_000129.mp4,2
Jbx6z6qEoNk_000009_000019.mp4,2
YJnKyhpOdKc_000036_000046.mp4,2
vPZi8ZrRK0s_000040_000050.mp4,2
85yDtLOtwCI_000061_000071.mp4,2
oBsyxjrd1nQ_000000_000010.mp4,2
v9YqCg3YIfQ_000032_000042.mp4,2
905lAYojtwM_000009_000019.mp4,2
uEP0cq3aeTs_000015_000025.mp4,2
_gVOvPfqddw_000000_000010.mp4,2
Fj_qwqCUKLU_000006_000016.mp4,2
lbNVW_Y6wCU_000000_000010.mp4,2
25iHRsjr2hA_000134_000144.mp4,2
Ln07xDdC4zg_000064_000074.mp4,2
jDlRYgzZrus_000013_000023.mp4,2
Y089jlqeIHw_000002_000012.mp4,2
qkCj52bJDkE_000063_000073.mp4,2
xKRzcvgN148_000062_000072.mp4,2
9KY8r7-7KbA_000051_000061.mp4,2
r-U7fwzIU_g_000090_000100.mp4,2
LJMWzHzp554_000004_000014.mp4,2
_lkKvsXqX_Q_000031_000041.mp4,2
4k7JcKZ5fZ4_000192_000202.mp4,2
4igHVf6MgqY_000022_000032.mp4,2
YF-Sjff7x_A_000018_000028.mp4,2
0UEuWQMRYJE_000001_000011.mp4,3
iOibpwO1yYs_000004_000014.mp4,3
hyAYyFPy5ik_000003_000013.mp4,3
G-XNbDGvxaQ_000085_000095.mp4,3
uXN25PS9xEo_000000_000010.mp4,3
Wa6VTIe8AC0_000010_000020.mp4,3
fixMJfn6zPo_000068_000078.mp4,3
9GlFF7Fv_DQ_000005_000015.mp4,3
lx6UNSk_K3U_000013_000023.mp4,3
Mp3022stYyA_000109_000119.mp4,3
_C9sqtZnC3Y_000018_000028.mp4,3
e-KyYXEzWG8_000019_000029.mp4,3
xR4m4A3bQbI_000050_000060.mp4,3
wj9nkx9X2Iw_000004_000014.mp4,3
YGFU85-XJGs_000000_000010.mp4,3
8nU3TqYJme0_000008_000018.mp4,3
P1vwSIPEAwg_000000_000010.mp4,3
d7F1fEb_5C8_000037_000047.mp4,3
Ne8g7CUkFZo_000064_000074.mp4,3
aEZFP1Sm5Hw_000001_000011.mp4,3
Ya-7hr4nvXc_000000_000010.mp4,3
yumicfdmvHo_000004_000014.mp4,3
Ew7MOvGpzNw_000021_000031.mp4,3
2FiQtUVHJvE_000004_000014.mp4,3
k2aUIuVfTfk_000030_000040.mp4,3
LyO52MLn7hk_000044_000054.mp4,3
AQu7FpilvL0_000001_000011.mp4,3
q2ZEjc0H2Hk_000004_000014.mp4,3
E4yXmIgOQGs_000020_000030.mp4,3
ywAiJ_NmqY0_000033_000043.mp4,3
dgtEWaJdNKw_000030_000040.mp4,3
slJSDNCM7UM_000038_000048.mp4,3
chwbqP3a93o_000004_000014.mp4,3
8TSH1PlSOLU_000050_000060.mp4,3
Emvr_qLp4UY_000000_000010.mp4,3
71fTeuqx3Ys_000018_000028.mp4,3
ZNBPC7n4e2c_000000_000010.mp4,3
oskun5fQcxY_000009_000019.mp4,3
mLoo8Ljv_4s_000061_000071.mp4,3
vFVLFA3D7Z4_000010_000020.mp4,3
YHIg5vh_Wk8_000000_000010.mp4,3
dZ7Pw1QK8WM_000005_000015.mp4,3
BA_D6s7Flb8_000001_000011.mp4,3
7ybgPwMiDiA_000026_000036.mp4,3
Zl4luSlQli4_000000_000010.mp4,3
xKr7Czqbl-0_000000_000010.mp4,3
WdBYwV4L4zQ_000004_000014.mp4,3
JfuPJUQuSbM_000038_000048.mp4,3
5W18fE1J_0w_000000_000010.mp4,3
lKV1fN97Xfg_000025_000035.mp4,3
CFiirB-ucr4_000000_000010.mp4,3
HlJP_sTOVos_000158_000168.mp4,3
bwjgnT-1hVM_000000_000010.mp4,3
EXGLOY7Xsv8_000000_000010.mp4,3
XjFJrGwE-VM_000000_000010.mp4,3
c14gTc8gvJ0_000001_000011.mp4,3
A7CsiCH1IFQ_000002_000012.mp4,3
RMTRG0i70Pw_000012_000022.mp4,3
2RCDOdCnboc_000001_000011.mp4,3
bJH12qR4NYU_000000_000010.mp4,3
feenvnIgK7o_000012_000022.mp4,3
JXLfAMEiEo4_000000_000010.mp4,3
QTHWh7gKbY8_000000_000010.mp4,3
JMxjfHJgGrE_000011_000021.mp4,3
SvEV61Yhdh8_000004_000014.mp4,3
LgMLxG-0hq8_000018_000028.mp4,3
5y7B-EbzMlo_000010_000020.mp4,3
U4Lf2qusd4w_000001_000011.mp4,3
bzbORbZXx7g_000001_000011.mp4,3
tZIWawLue5g_000068_000078.mp4,3
1WjggwJg6L0_000000_000010.mp4,3
_3B2nSDOocI_000001_000011.mp4,3
s_PMvOD5wbQ_000004_000014.mp4,3
lm11KQNAMXo_000119_000129.mp4,3
YU2rYaS2WcM_000003_000013.mp4,3
peihqKHp1ZE_000000_000010.mp4,3
OPKppPPt_uw_000000_000010.mp4,3
q1yyegr3fGk_000011_000021.mp4,3
5DZTYacmvQQ_000003_000013.mp4,3
vN6Uu0GH4uU_000046_000056.mp4,3
F2WHQUK_bbI_000002_000012.mp4,3
K--69dLHqeI_000000_000010.mp4,3
F87p27LMnTY_000008_000018.mp4,3
pWI2yM_OTRY_000004_000014.mp4,3
7tcFDzRCsII_000035_000045.mp4,3
4CvMcIOFWGs_000004_000014.mp4,3
1QOneL8_H4g_000002_000012.mp4,3
1xEo-g2gRSo_000001_000011.mp4,3
eU95xIE5DpI_000049_000059.mp4,3
iUxSpNsTDbk_000003_000013.mp4,3
2H-rfai3Zhc_000000_000010.mp4,3
pinItIPYHks_000019_000029.mp4,3
M5YJFTVyc1Y_000008_000018.mp4,3
Kv75fxR5T-0_000016_000026.mp4,3
W2O1tlB_lJM_000021_000031.mp4,3
evwEWCWKKpg_000000_000010.mp4,3
1uPGP2t81_A_000009_000019.mp4,3
VVjhZ9KsHFE_000000_000010.mp4,3
aEjonIp1yIk_000000_000010.mp4,3
idhosGDuCo8_000013_000023.mp4,3
n1kbnhVkBTc_000029_000039.mp4,3
4r1YLR5435U_000000_000010.mp4,3
kxzMnhV59F0_000005_000015.mp4,3
uMsL1OTahIg_000035_000045.mp4,3
etWL_17O2fk_000001_000011.mp4,3
LcsTb1x2hfY_000008_000018.mp4,3
V0CmHDb-kzc_000002_000012.mp4,3
V8V-b7lQ3mA_000000_000010.mp4,3
HsWMjJZgIfo_000000_000010.mp4,3
sjA7FVxphdU_000807_000817.mp4,3
8HxTYsQ6y8U_000003_000013.mp4,3
4b1-rKVPZX8_000007_000017.mp4,3
9iiOjrLlnOM_000000_000010.mp4,3
YYZtZjnppQQ_000058_000068.mp4,3
OWhspNW3RTc_000800_000810.mp4,3
sclYWfsTsY0_000134_000144.mp4,3
OAgHVKxS55U_000000_000010.mp4,3
mMD-l-QdBmU_000067_000077.mp4,3
p1H9jkV0Z-k_000036_000046.mp4,3
tVtugWzJ_p4_000004_000014.mp4,3
gpZYMRTTYLY_000000_000010.mp4,3
wSWAYUE_EtU_000004_000014.mp4,3
Y5_G-lCdHvI_000004_000014.mp4,3
YDa_Ra8xSq8_000007_000017.mp4,3
ZA2YBmdvC2g_000000_000010.mp4,3
I1Z8i8ipqBE_000051_000061.mp4,3
MbsY5vB3f8A_000000_000010.mp4,3
vJcynseXRHI_000046_000056.mp4,3
H21xJ4DbBHk_000337_000347.mp4,3
3dlHx9dLAuU_000011_000021.mp4,3
TRP15OQupj4_000000_000010.mp4,3
_JqNVnSoxBs_000000_000010.mp4,3
1bG7-6HapUM_000112_000122.mp4,3
iEwp-QSDWJg_000000_000010.mp4,3
OG0cPstTAhM_000002_000012.mp4,3
e_Hml5TV5wA_000000_000010.mp4,3
CELhS2s6fq8_000000_000010.mp4,3
G_1v9NRw8HI_000022_000032.mp4,3
l8TevBI7mUg_000025_000035.mp4,3
D1a6-2O7T_8_000012_000022.mp4,3
rtajnx5mWrU_000011_000021.mp4,3
4gOMmrRl9fU_000043_000053.mp4,3
Ia9HmAbK5LI_000003_000013.mp4,3
P8dvVksmVQk_000001_000011.mp4,3
ZB-3_8ACsqE_000002_000012.mp4,3
0SIfamZCbHg_000000_000010.mp4,3
IaRg9Q477xY_000003_000013.mp4,3
74hNnQCA6Xg_000000_000010.mp4,3
OcyYmaikVEA_000000_000010.mp4,3
bzBhcir78mA_000001_000011.mp4,3
aMJepU9J_hg_000222_000232.mp4,3
jw1wmCCUCJs_000004_000014.mp4,3
asonJP3ZgFo_000004_000014.mp4,3
kW8UQyvTvGI_000002_000012.mp4,3
9xWZ7NGDxbs_000073_000083.mp4,3
7PaeFCvUk4A_000030_000040.mp4,3
FfT5JKbihgw_000012_000022.mp4,3
Pl9nbzhnryQ_000000_000010.mp4,3
7521gKQBXbA_000064_000074.mp4,4
sMxGA7Mut7U_000002_000012.mp4,4
n5tsptSSYFo_000025_000035.mp4,4
OjXJ0KHRJR8_000008_000018.mp4,4
0OT11AYRqtE_000076_000086.mp4,4
yBFoIIenjhs_000025_000035.mp4,4
zxmSx0DD5Us_000000_000010.mp4,4
0qgdx8GS4fE_000160_000170.mp4,4
WjFQg8BKxOs_000385_000395.mp4,4
5pw_vWpktaA_000032_000042.mp4,4
rXZSIThaPjY_000057_000067.mp4,4
XhH5Y-n5_9o_000018_000028.mp4,4
3yl6FSU56lo_000066_000076.mp4,4
NQbhul6l_zw_000040_000050.mp4,4
waKLgEM5TdQ_000033_000043.mp4,4
Z-OV8dhMPzY_000032_000042.mp4,4
3XYF37n3h_8_000103_000113.mp4,4
8O6p1Yf4ozo_000009_000019.mp4,4
g4viomzlpus_000002_000012.mp4,4
wyE_M_3blIs_000097_000107.mp4,4
Q067NWwSQsg_000001_000011.mp4,4
Vyqwjm9X1vg_000009_000019.mp4,4
n8T945mEaHM_000018_000028.mp4,4
TVWkcorcCbg_000011_000021.mp4,4
RfwocXcCqpg_000003_000013.mp4,4
sVTy5ZwFbD0_000045_000055.mp4,4
YmerxSzI99w_000001_000011.mp4,4
Ff4eT2tsFqc_000111_000121.mp4,4
4dbeMpbaKoM_000008_000018.mp4,4
5VcQ6rnPTSQ_000028_000038.mp4,4
iKaZbPXuQWA_000037_000047.mp4,4
mep9UMgX-lA_000024_000034.mp4,4
32Q5W3NyuTo_000003_000013.mp4,4
THdc3lQpa0s_000001_000011.mp4,4
3VnzmiSOdpM_000007_000017.mp4,4
xcKXBkCVdRE_000007_000017.mp4,4
kY67RiREMa4_000021_000031.mp4,4
a34rmmazUKU_000007_000017.mp4,4
RVvObt6efPg_000083_000093.mp4,4
b3C9m1GvaCY_000439_000449.mp4,4
1X47bjr68u4_000044_000054.mp4,4
9gE9utT2g5g_000011_000021.mp4,4
NSkBozR9a80_000016_000026.mp4,4
f6qIhkuzTx0_000012_000022.mp4,4
1ugCv3Xp4WQ_000040_000050.mp4,4
Dho9ZsOMdeI_000002_000012.mp4,4
SAWctahVgso_000000_000010.mp4,4
RtwU8rhXppA_000285_000295.mp4,4
ERaXFb5yucw_000003_000013.mp4,4
n4NjVZPLtgc_000001_000011.mp4,4
2IPUhRAgI84_000000_000010.mp4,4
_ksxVErQA08_000000_000010.mp4,4
Gm3aMdTzklk_000004_000014.mp4,4
rUGMPbXQabw_000172_000182.mp4,4
YF4j3olEavA_000000_000010.mp4,4
veWeaB_lqcs_000020_000030.mp4,4
25xL3XDClIU_000037_000047.mp4,4
I7ovaA0vM04_000083_000093.mp4,4
lkWIW-waOkY_000049_000059.mp4,4
mE2To8xJqBU_000015_000025.mp4,4
lp-K6fNnW24_000025_000035.mp4,4
qJnev-fTU0o_000059_000069.mp4,4
za1OAnyqVt8_000027_000037.mp4,4
A7xOaBJGXTc_000030_000040.mp4,4
s3zb6ZRarIA_000034_000044.mp4,4
nfLo2gy3iu0_000008_000018.mp4,4
rNr6NZzC5hQ_000031_000041.mp4,4
LEDz7fOw2hc_000026_000036.mp4,4
KiN-ylVXb1o_000026_000036.mp4,4
512jYPE8_as_000016_000026.mp4,4
59ss-LuAmJE_000038_000048.mp4,4
vjeuiIE1Ihc_000016_000026.mp4,4
et2b4Aogf2w_000004_000014.mp4,4
-9F3uySCOS8_000048_000058.mp4,4
o94TmoG_ZOw_000058_000068.mp4,4
zofDdDi2Uuk_000021_000031.mp4,4
h3YNEUqbZ2s_000010_000020.mp4,4
09ksvsdwCXY_000002_000012.mp4,4
D96qp5AAO8k_000120_000130.mp4,4
BQXtOSnyZt0_000111_000121.mp4,4
jc0LLWn191k_000010_000020.mp4,4
1G8G7MgVDys_000006_000016.mp4,4
sgWKbcY1I-E_000038_000048.mp4,4
rfudUrgH7X4_000000_000010.mp4,4
j30v4bQOk0g_000000_000010.mp4,4
BmmrbqIkfNQ_000003_000013.mp4,4
jIzGDuIxOtY_000015_000025.mp4,4
ox0EgFsgUSo_000002_000012.mp4,4
KA-t9Z58R_c_000000_000010.mp4,4
UACHvsowwOc_000039_000049.mp4,4
dEfJvDDLmzg_000008_000018.mp4,4
zjYYkM1fYWs_000028_000038.mp4,4
ufPcM-jEnDs_000004_000014.mp4,4
Cgj8ppKyQtM_000016_000026.mp4,4
n5zptijTMbE_000014_000024.mp4,4
wSL9EONxn1k_000040_000050.mp4,4
Yb7CqB0qkRg_000095_000105.mp4,4
mu8WxWoBSIk_000024_000034.mp4,4
OVv4BSo8fWw_000012_000022.mp4,4
2yaHWZAdffg_000054_000064.mp4,4
P2yMabeh2Co_000004_000014.mp4,4
23XzB2ztR-o_000004_000014.mp4,4
9lxaWpz3-Co_000214_000224.mp4,4
XB_6VYZrQRY_000020_000030.mp4,4
iGoW4klBdb0_000004_000014.mp4,4
IcE32m151qE_000003_000013.mp4,4
bEtalgN6ui0_000015_000025.mp4,4
Rrqy-Yeuh-Y_000019_000029.mp4,4
2CnfbKD4kdc_000014_000024.mp4,4
wnzr1WlgxPM_000004_000014.mp4,4
ZmBGwPUFG0I_000001_000011.mp4,4
PBh9LCrDgJk_000000_000010.mp4,4
_ncooLwyqsQ_000099_000109.mp4,4
901l6OwArSE_000000_000010.mp4,4
PhKHljZjRIs_000121_000131.mp4,4
AA9ZNFrNmhQ_000092_000102.mp4,4
4sKsYvUQLkU_000002_000012.mp4,4
bhYpNDddQ3g_000024_000034.mp4,4
3HN1FNGdZpw_000010_000020.mp4,4
uOGesCKU7mw_000030_000040.mp4,4
73m-UUs880w_000086_000096.mp4,4
g-OicL26k-0_000026_000036.mp4,4
59ss-LuAmJE_000049_000059.mp4,4
zCrI3k5SJwk_000004_000014.mp4,4
2_m-uRmIlf8_000017_000027.mp4,4
lLy67c7_PPY_000000_000010.mp4,4
l1z6E97VlDs_000151_000161.mp4,4
oG6rZl4CCPo_000014_000024.mp4,4
Pfo4PmBcb5I_000019_000029.mp4,4
_YwkU5aSkGE_000019_000029.mp4,4
WB32O5MokrE_000019_000029.mp4,4
nmY75t7BXRA_000080_000090.mp4,4
iQHBTfk2yS8_000010_000020.mp4,4
EO_HzYGVxLw_000005_000015.mp4,4
w9bIt_G0xcA_000005_000015.mp4,4
0sCMB-V6hHw_000000_000010.mp4,4
U4fyNqVAYeI_000006_000016.mp4,4
W9MaEjzVHxM_000018_000028.mp4,4
wxXSHy0WhNY_000050_000060.mp4,4
IJ9fPv1EKDo_000358_000368.mp4,4
a7ePBEkvJbI_000005_000015.mp4,4
5AyXhU6-nmE_000007_000017.mp4,4
39Fi4wUXcHg_000013_000023.mp4,4
9y6FZmbHa_Y_000013_000023.mp4,4
6AajUdQ_cFg_000006_000016.mp4,4
43C0yfT8w6c_000066_000076.mp4,4
b7eciBGcTrI_000000_000010.mp4,4
JhD1K5ph75s_000024_000034.mp4,4
HhnaVqBmuSE_000028_000038.mp4,4
QJLD88pKPg4_000165_000175.mp4,4
JwmEIjR6GGQ_000137_000147.mp4,4
Q3Vv1bZz43Y_000032_000042.mp4,4
XQW6vdL2c2s_000017_000027.mp4,4
rkLGM8NNX2k_000036_000046.mp4,4
auO-lZL9CpY_000007_000017.mp4,4
AbKG05qdk7Y_000011_000021.mp4,4
DMoXitbx_hM_000006_000016.mp4,4
P1nTgHf0Y_4_000061_000071.mp4,4
YSuZSwXit9c_000001_000011.mp4,5
P6wD_cb9Lq4_000000_000010.mp4,5
PcX6j_Iwz94_000037_000047.mp4,5
FNOM0csT-bM_000090_000100.mp4,5
EedDwVqYP6I_000000_000010.mp4,5
SNXFYuktZsY_000003_000013.mp4,5
FK4v4ATYKBo_000001_000011.mp4,5
hlI1ZrADYRE_000000_000010.mp4,5
6T7FNpMjMvo_000000_000010.mp4,5
QQBOo-dgCN8_000010_000020.mp4,5
CDL9FjBId5c_000003_000013.mp4,5
kHSXD9DL0vE_000004_000014.mp4,5
AX_fLTrMPU8_000064_000074.mp4,5
nGPaW1itrw4_000016_000026.mp4,5
8Hjd3rWgto4_000016_000026.mp4,5
59TGasglibE_000591_000601.mp4,5
uqS3dLJbYgc_000161_000171.mp4,5
1yzf-FzcD78_000005_000015.mp4,5
rhSCbH0x5aY_000007_000017.mp4,5
ETRQVfbN4z8_000165_000175.mp4,5
f1tu-D8gAYs_000058_000068.mp4,5
XgchlYS6mOQ_000006_000016.mp4,5
1KjlNugmF0Q_000023_000033.mp4,5
zx5OQAfmgQ4_000030_000040.mp4,5
OMMH8dif-WY_000166_000176.mp4,5
5-jHVW7RXB4_000008_000018.mp4,5
alEAOCxC8mM_000000_000010.mp4,5
pi1CHAp-DJk_000002_000012.mp4,5
y4djvbScDsk_000004_000014.mp4,5
41lFXSmUm08_000125_000135.mp4,5
3tPDmocHTSA_000000_000010.mp4,5
9YD-d6MJbU4_000005_000015.mp4,5
2MiO3nN5SeI_000002_000012.mp4,5
R0-uzZ6LNnI_000264_000274.mp4,5
HO0xtJQyaTU_000000_000010.mp4,5
EafWXQXYqI4_000003_000013.mp4,5
0aGE1qUo-2M_000005_000015.mp4,5
VnLWPlJel1Y_000021_000031.mp4,5
i2skVpCX8vM_000008_000018.mp4,5
tBGQMk0B100_000052_000062.mp4,5
h-Ym7dHR2kA_000000_000010.mp4,5
80KrnYIZn5w_000000_000010.mp4,5
pIWnmoBNMZA_000125_000135.mp4,5
FeIIBeG6wJE_000063_000073.mp4,5
D8UAOJIeOUI_000035_000045.mp4,5
WlrQI_IN1pQ_000000_000010.mp4,5
5SS9KVqD1os_000050_000060.mp4,5
KNS3blosAL4_000175_000185.mp4,5
Zpluwq_OB64_000064_000074.mp4,5
VGua_KGjheE_000010_000020.mp4,5
vgt34hurQHI_000009_000019.mp4,5
2yUABRHxHwc_000000_000010.mp4,5
7uXMYR-MSuo_000027_000037.mp4,5
vzPmh13oj_I_000006_000016.mp4,5
8RaUHBZEds4_000058_000068.mp4,5
808DBlYAyEg_000024_000034.mp4,5
x4Hz5TgrqB8_000000_000010.mp4,5
pHdQjV7Tuaw_000002_000012.mp4,5
s-xe97cjZzQ_000000_000010.mp4,5
HNasuXgTYIM_000000_000010.mp4,5
oDX7re8x0F0_000002_000012.mp4,5
RAxUp1AqUDo_000009_000019.mp4,5
jZ9Wk7bces0_000002_000012.mp4,5
LFTh5XWPIQM_000008_000018.mp4,5
57P3y0qecf4_000003_000013.mp4,5
TES3TXwfqWo_000348_000358.mp4,5
K4dSa3rciec_000000_000010.mp4,5
57Tfc2Ng9yo_000029_000039.mp4,5
6gI0VP0Zlmg_000010_000020.mp4,5
MRBod5BQAck_000041_000051.mp4,5
zedNZXDjnpI_000038_000048.mp4,5
8-jaLQ5CUwM_000150_000160.mp4,5
7hn_hMHp9vk_000010_000020.mp4,5
KyhKKR5V3-I_000027_000037.mp4,5
60JLbVdJHdM_000024_000034.mp4,5
PIpXWvJvd1E_000000_000010.mp4,5
4R8xgUM3ba0_000007_000017.mp4,5
bu3qF9ZJMwI_000000_000010.mp4,5
oKl7ZWLdXhA_000000_000010.mp4,5
IKhCun8UOyE_000007_000017.mp4,5
6l9xfRJ6-s4_000000_000010.mp4,5
BEgKbwlWnDM_000001_000011.mp4,5
U77Umjc_ZjE_000034_000044.mp4,5
TncLJMT4cYM_000052_000062.mp4,5
B0t2YEVBEvA_000035_000045.mp4,5
DJH44Myxnqs_000016_000026.mp4,5
vAc_gbWhx1Q_000006_000016.mp4,5
YEfPYP_7bnc_000102_000112.mp4,5
2y2KYMxvc9I_000043_000053.mp4,5
R1E7V82KCUk_000000_000010.mp4,5
m1Tjf4MiwO4_000089_000099.mp4,5
o7Y1oPxAGU8_000008_000018.mp4,5
Q87r2Z-hyP0_000000_000010.mp4,5
bPdYtlhR8JM_000016_000026.mp4,5
nM7z-0P_r0U_000018_000028.mp4,5
nbojNM3yPTg_000084_000094.mp4,5
b0_yC20JDsQ_000002_000012.mp4,5
fhKZkrlrN88_000000_000010.mp4,5
BqnZt-Npvd4_000057_000067.mp4,5
DmvszVzoUGo_000133_000143.mp4,5
kptj6XGRaQs_000064_000074.mp4,5
jkbRwRQEuS0_000012_000022.mp4,5
PqDkicMANQo_000000_000010.mp4,5
P9-vFMAEwY4_000000_000010.mp4,5
_KiBx_krPnk_000000_000010.mp4,5
uAIaHIWyVgg_000096_000106.mp4,5
a9x40T2Ti1Q_000020_000030.mp4,5
ZEw8OuqbAR0_000006_000016.mp4,5
2n5QO6ym0uw_000001_000011.mp4,5
LqRWkh73eUI_000003_000013.mp4,5
mFNPz0rXSB4_000008_000018.mp4,5
R6mtev3BTOE_000004_000014.mp4,5
7WTKrc7N7d0_000000_000010.mp4,5
56hogeADi5U_000043_000053.mp4,5
lAIJ8b7lGlY_000042_000052.mp4,5
bPbcCEnfxao_000025_000035.mp4,5
0AG1T0yRt9U_000090_000100.mp4,5
pei_efdwiDI_000000_000010.mp4,5
O1p-j6C7Qn8_000058_000068.mp4,5
p-UVbEOc3Wo_000046_000056.mp4,5
sAYz8nU1l10_000002_000012.mp4,5
SlphrYwl3Qg_000000_000010.mp4,5
LJrCRrIszP0_000114_000124.mp4,5
JmBsYEvAXWw_000049_000059.mp4,5
nkJBPXuqnWk_000236_000246.mp4,5
6U_0AMs2io8_000092_000102.mp4,5
Zk4Mz6jqd6w_000000_000010.mp4,5
7hF24PwbIrE_000002_000012.mp4,5
BSv4nsDnt2M_000005_000015.mp4,5
M7kZNV2qkjc_000000_000010.mp4,5
DiajpGB6BEU_000000_000010.mp4,5
psJPtbcGcuE_000000_000010.mp4,5
Q5Tj5UrCWgs_000000_000010.mp4,5
z7TZz_jEH0E_000075_000085.mp4,5
PNlpU-HAMNc_000000_000010.mp4,5
P8p1dcy5tp0_000008_000018.mp4,5
HGfNVJI1gO0_000086_000096.mp4,5
qNTfcXG0Xfs_000099_000109.mp4,5
wMR7yXP21K0_000000_000010.mp4,5
8LbnI5dWUwo_000005_000015.mp4,5
ZOoLIBwXDa0_000041_000051.mp4,5
ThGdyT32oVA_000002_000012.mp4,5
t06H6xj6SVc_000012_000022.mp4,5
vELjAT6uqW0_000002_000012.mp4,5
ICdLTbYnvE8_000001_000011.mp4,5
76ESAVzFROA_000020_000030.mp4,5
DbKJGyfKZ4Q_000034_000044.mp4,5
I6b9l6a2nOk_000013_000023.mp4,5
qi7t_hG2OYE_000000_000010.mp4,5
vemIp-Fc2e8_000000_000010.mp4,5
vbFCehCopS4_000012_000022.mp4,5
mYpSFNMqvU8_000004_000014.mp4,5
1FDlDNDsogE_000015_000025.mp4,5
yFlLNbJePlQ_000038_000048.mp4,5
9o1zEzJWv3o_000015_000025.mp4,5
OGqJLJng4RE_000005_000015.mp4,5
74XKa6Bn_ZY_000006_000016.mp4,5
5-TCMlijxso_000068_000078.mp4,5
Sen5KhTfFyc_000005_000015.mp4,6
N8ZJWe7ra-8_000025_000035.mp4,6
dBw_64lMS3U_000152_000162.mp4,6
8wCcHO2XcMY_000000_000010.mp4,6
w3g9AQd69QI_000008_000018.mp4,6
i_RaSdENC2Q_000000_000010.mp4,6
Vlu1nKHd_Bo_000189_000199.mp4,6
65sxNULJd9k_000003_000013.mp4,6
x893iy29Q90_000006_000016.mp4,6
crh355_dTFw_000019_000029.mp4,6
9P_UVGu7Fjs_000001_000011.mp4,6
mpStOv4QMi4_000005_000015.mp4,6
fmmgw9LB-sM_000000_000010.mp4,6
wW0cwWpWU58_000000_000010.mp4,6
9CWAUb0EtwA_000000_000010.mp4,6
6xfj9kD_mcQ_000016_000026.mp4,6
hakLuGrUArE_000009_000019.mp4,6
ORytlBUfAJQ_000046_000056.mp4,6
jJEtP7QkZdY_000011_000021.mp4,6
0A1_c7pGgFc_000024_000034.mp4,6
v6UxkPTNZTo_000013_000023.mp4,6
18fKFrhuIcY_000005_000015.mp4,6
w6uEziTteuE_000000_000010.mp4,6
2HM51zWJA_I_000000_000010.mp4,6
GkSG54iXY-g_000000_000010.mp4,6
56fipfUUXHE_000024_000034.mp4,6
Fb3eqUUf7FU_000000_000010.mp4,6
FoCGt0aIukQ_000018_000028.mp4,6
gffjCqUQEUY_000057_000067.mp4,6
aS8mu6urPT8_000005_000015.mp4,6
ehAV5QCtK20_000000_000010.mp4,6
XcJk0_n6vk4_000000_000010.mp4,6
rKfolXvU5Fs_000000_000010.mp4,6
yVPV8z9dxSc_000069_000079.mp4,6
2xu0I9Ug_5Y_000002_000012.mp4,6
HoJf-BkahU8_000006_000016.mp4,6
SKv4GIGidbo_000000_000010.mp4,6
uLn3CJjSc2E_000001_000011.mp4,6
zgGuDLeGpSA_000007_000017.mp4,6
cfMTpfbHXzU_000002_000012.mp4,6
LbuQiN_jR4U_000010_000020.mp4,6
89faXu-8ugs_000052_000062.mp4,6
t4ndGwFzJhk_000000_000010.mp4,6
CzU4OhV2I9I_000020_000030.mp4,6
EPhi6TGE9Gw_000003_000013.mp4,6
ZhSVCVrRNx8_000000_000010.mp4,6
joSVIhS3FrM_000015_000025.mp4,6
B_KfPxExxdU_000000_000010.mp4,6
W1IbDFXtJzc_000000_000010.mp4,6
EaLyTTTvFdI_000026_000036.mp4,6
HP52t0CAgmQ_000000_000010.mp4,6
1cTFOPPvkic_000000_000010.mp4,6
NWTPtRN0ges_000205_000215.mp4,6
M9Mc070ImQY_000037_000047.mp4,6
yjdDIu6TttI_000000_000010.mp4,6
vgAqH_gLksE_000027_000037.mp4,6
5b9X9wYs20E_000000_000010.mp4,6
JfS5-1KDmw8_000007_000017.mp4,6
w1E1t8ZLEpU_000002_000012.mp4,6
vntzivp5cgQ_000034_000044.mp4,6
gyqq0W_OtFc_000000_000010.mp4,6
ekHwCZjxfxU_000000_000010.mp4,6
0L1tzX4WbIg_000000_000010.mp4,6
c-0I-ll6E5s_000029_000039.mp4,6
MvmXsYDCooc_000017_000027.mp4,6
LjV9hkBLRQI_000000_000010.mp4,6
ml0pgmXi4tk_000005_000015.mp4,6
n6dFyezzqVY_000049_000059.mp4,6
AxjQtlzfhHM_000000_000010.mp4,6
G5XKvcmM9NM_000007_000017.mp4,6
XPMvo0DP4kc_000020_000030.mp4,6
CqX3SWksdAQ_000024_000034.mp4,6
EE8SDAfX1iE_000000_000010.mp4,6
VBkGg7PI8u4_000014_000024.mp4,6
ipoYnGuBPIg_000042_000052.mp4,6
bCid6-PzDWE_000000_000010.mp4,6
A--p1mblrks_000005_000015.mp4,6
i4Ko_UWOwAE_000000_000010.mp4,6
jbnJv9KJT3k_000010_000020.mp4,6
TrCjWTzes-8_000000_000010.mp4,6
iPFXkpIZeww_000172_000182.mp4,6
CIHhl6tNXrg_000024_000034.mp4,6
42bC1opP6ts_000005_000015.mp4,6
EskA8vIpNLE_000028_000038.mp4,6
_D6RKaOaYhI_000081_000091.mp4,6
WHF0VRe9SwQ_000000_000010.mp4,6
7Q1dS_yKCBg_000173_000183.mp4,6
GJf1MgZuPKU_000009_000019.mp4,6
DCpi4BBFMIs_000000_000010.mp4,6
o3WW78UujyU_000000_000010.mp4,6
RJnXOLkvhMA_000000_000010.mp4,6
CfOBzKum7XE_000046_000056.mp4,6
PuiQoUQFeaU_000000_000010.mp4,6
Ed0BgyfScs4_000026_000036.mp4,6
S746JUb6mkQ_000000_000010.mp4,6
7LjLnzWJlAM_000086_000096.mp4,6
xj7LBFw1QMg_000000_000010.mp4,6
GhT7n4T0zA4_000056_000066.mp4,6
YF2TrxlL7s0_000002_000012.mp4,6
l7xa9YGB3Sc_000035_000045.mp4,6
e-91DVld0Go_000006_000016.mp4,6
8fOSwj1LjZc_000000_000010.mp4,6
xY_yPLJrZgM_000117_000127.mp4,6
j_e32zeRCL4_000000_000010.mp4,6
PcE8DN0Kl4A_000000_000010.mp4,6
M2IGB0s0j1c_000000_000010.mp4,6
eL1woxtnOFs_000000_000010.mp4,6
BjS_O8KMOGI_000020_000030.mp4,6
7pg0XVFShFI_000025_000035.mp4,6
DY2rEz14uTA_000027_000037.mp4,6
6tkUBVo_x6A_000000_000010.mp4,6
U6GONDC00iw_000000_000010.mp4,6
u8jUD0Gklh0_000000_000010.mp4,6
Xd2iEbZhpPU_000042_000052.mp4,6
fq0jz8QFYPI_000027_000037.mp4,6
60m_a0ayQN4_000020_000030.mp4,6
nlm6bgdYkhU_000074_000084.mp4,6
213VA9Wakyg_000243_000253.mp4,6
RhU60_BrGEA_000009_000019.mp4,6
_LSKdRPvA7o_000012_000022.mp4,6
NlVHQbetl-4_000002_000012.mp4,6
uR9o9k9G_6A_000002_000012.mp4,6
Z8GGSeKCnas_000004_000014.mp4,6
fAcQ2_5vut4_000016_000026.mp4,6
MRBEj90hS6s_000004_000014.mp4,6
R9Q4o9QlZrY_000000_000010.mp4,6
u5I5mDzaRpA_000146_000156.mp4,6
_23hORw4bu8_000000_000010.mp4,6
X4oVAv0BtpM_000161_000171.mp4,6
KSzxA9vdK6c_000081_000091.mp4,6
K-9pI4E1yms_000010_000020.mp4,6
bGQeTapIPlo_000008_000018.mp4,6
aL7thGxbIT0_000009_000019.mp4,6
VdAMwvlG7J8_000000_000010.mp4,6
2GqaJlM0qE8_000083_000093.mp4,6
cJryDDbMCWQ_000056_000066.mp4,6
zBMxDyT1X0E_000001_000011.mp4,6
xCEZbT44L6Q_000000_000010.mp4,6
y1esa1qZkpE_000046_000056.mp4,6
CeEmU16zCTs_000000_000010.mp4,6
qt2qEqm6RNc_000036_000046.mp4,6
XCi0acOX5w4_000007_000017.mp4,6
ICochzYRjhk_000000_000010.mp4,6
qk5BnZCvXjM_000000_000010.mp4,6
n1VT-lTrdJc_000000_000010.mp4,6
6NL3ixj46is_000077_000087.mp4,6
irvagS2Dtso_000013_000023.mp4,6
v8Ji22CZvp4_000000_000010.mp4,6
YkWVbpLdAPI_000013_000023.mp4,6
R5NWWDN_Vu4_000004_000014.mp4,6
m-JBLbiJ434_000021_000031.mp4,6
4PTvOcdNp7o_000003_000013.mp4,6
0wJnRRiewjs_000129_000139.mp4,6
47QAq0r_vF8_000000_000010.mp4,6
FjLuzOXX8Ck_000000_000010.mp4,6
X1TqjW-VEFw_000000_000010.mp4,6
4IvskZPFv7Q_000023_000033.mp4,6
i4KIUEqr1RA_000012_000022.mp4,6
q0lsxBwJ74A_000000_000010.mp4,6
tQa5lzayW1U_000043_000053.mp4,6
